<?xml version="1.0" encoding="UTF-8"?>
<info version="1.1">
  <general>
    <createDate>2011-03-04T13:00:15Z</createDate>
    <changeDate>2024-11-11T15:15:20.009Z</changeDate>
    <schema>iso19139.gemini23</schema>
    <isTemplate>n</isTemplate>
    <localId>106</localId>
    <format>full</format>
    <rating>0</rating>
    <popularity>9325</popularity>
    <uuid>13396739-7602-4428-85fd-95a5d7e208a1</uuid>
    <siteId>0c65841d-256e-410c-98d8-d76c00d76cbb</siteId>
    <siteName>SpatialData.gov.scot</siteName>
  </general>
  <categories>
    <category name="Open Government Licence" />
  </categories>
  <privileges>
    <group name="all">
      <operation name="view" />
      <operation name="download" />
      <operation name="dynamic" />
      <operation name="featured" />
      <operation name="notify" />
    </group>
  </privileges>
  <public />
  <private />
</info>

